{
  "version": 2,
  "name": "real-time-stock-ticker",
  "builds": [
    {
      "src": "index.html",
      "use": "@vercel/static"
    },
    {
      "src": "api/**/*.js",
      "use": "@vercel/node"
    }
  ],
  "routes": [
    {
      "src": "/api/(.*)",
      "dest": "/api/$1"
    },
    {
      "src": "/sw.js",
      "headers": {
        "Cache-Control": "public, max-age=0, must-revalidate",
        "Service-Worker-Allowed": "/"
      }
    },
    {
      "src": "/js/(.*)",
      "headers": {
        "Cache-Control": "public, max-age=31536000, immutable"
      }
    },
    {
      "src": "/(.*)",
      "dest": "/index.html",
      "headers": {
        "X-Frame-Options": "DENY",
        "X-XSS-Protection": "1; mode=block",
        "X-Content-Type-Options": "nosniff",
        "Referrer-Policy": "strict-origin-when-cross-origin"
      }
    }
  ],
  "headers": [
    {
      "source": "/sw.js",
      "headers": [
        {
          "key": "Cache-Control",
          "value": "public, max-age=0, must-revalidate"
        },
        {
          "key": "Service-Worker-Allowed",
          "value": "/"
        }
      ]
    }
  ],
  "env": {
    "NODE_ENV": "production",
    "API_CACHE_TTL": "300"
  },
  "functions": {
    "api/**/*.js": {
      "maxDuration": 10
    }
  }
}